{
  "timestamp": 1749577263.8223803,
  "frame_stats": {
    "frame_count": 517,
    "avg_frame_time": 0.016533763636347277,
    "min_frame_time": 0.01207090000025346,
    "max_frame_time": 0.08605739999984507,
    "avg_fps": 61.0968702189372,
    "min_fps": 11.620151201428351,
    "max_fps": 82.8438641674608,
    "current_fps": 78.53362024912478
  },
  "memory_stats": {
    "current_memory_mb": 70.1015625,
    "avg_memory_mb": 68.96057483075435,
    "min_memory_mb": 67.890625,
    "max_memory_mb": 70.1015625,
    "memory_samples": 517
  },
  "thread_stats": {
    "20424": {
      "samples": 6725,
      "total_time": 14.422293299980083,
      "avg_time": 0.0021445789293650683
    }
  },
  "hotspots": [
    {
      "name": "main_loop",
      "max_time": 0.08598720000009052,
      "avg_time": 0.016516158349707908,
      "sample_count": 509
    }
  ],
  "profile_summaries": {
    "script_update": {
      "sample_count": 517,
      "total_time": 0.0029886999927839497,
      "avg_time": 5.780851049872243e-06,
      "min_time": 4.19999923906289e-06,
      "max_time": 1.3900000340072438e-05,
      "last_time": 6.599999323952943e-06,
      "avg_memory_delta": -443.6673114119923,
      "max_memory_delta": 4096,
      "min_memory_delta": -176128,
      "p50": 5.600000804406591e-06,
      "p90": 6.999998731771484e-06,
      "p95": 7.599999662488699e-06,
      "p99": 1.0300000212737359e-05
    },
    "ui_update": {
      "sample_count": 517,
      "total_time": 0.002457299968227744,
      "avg_time": 4.752998004308982e-06,
      "min_time": 3.600000127335079e-06,
      "max_time": 1.2499998774728738e-05,
      "last_time": 5.199999577598646e-06,
      "avg_memory_delta": -166.3752417794971,
      "max_memory_delta": 4096,
      "min_memory_delta": -172032,
      "p50": 4.600000465870835e-06,
      "p90": 5.600000804406591e-06,
      "p95": 6.299998858594336e-06,
      "p99": 8.099999831756577e-06
    },
    "event_processing": {
      "sample_count": 517,
      "total_time": 0.0013344999970286153,
      "avg_time": 2.581237905277786e-06,
      "min_time": 1.8000009731622413e-06,
      "max_time": 6.70000008540228e-06,
      "last_time": 2.999999196617864e-06,
      "avg_memory_delta": 166.3752417794971,
      "max_memory_delta": 8192,
      "min_memory_delta": 0,
      "p50": 2.499999027349986e-06,
      "p90": 3.099999958067201e-06,
      "p95": 3.4000004234258085e-06,
      "p99": 4.899999112240039e-06
    },
    "scene_update": {
      "sample_count": 517,
      "total_time": 0.004771600000822218,
      "avg_time": 9.22940038843756e-06,
      "min_time": 6.300000677583739e-06,
      "max_time": 2.550000135670416e-05,
      "last_time": 1.049999991664663e-05,
      "avg_memory_delta": 245.60154738878143,
      "max_memory_delta": 8192,
      "min_memory_delta": 0,
      "p50": 8.499999239575118e-06,
      "p90": 1.2499998774728738e-05,
      "p95": 1.4100000043981709e-05,
      "p99": 1.739999970595818e-05
    },
    "physics_update": {
      "sample_count": 517,
      "total_time": 0.0023911000171210617,
      "avg_time": 4.624951677216754e-06,
      "min_time": 3.200000719516538e-06,
      "max_time": 1.1300000551273115e-05,
      "last_time": 5.399999281507917e-06,
      "avg_memory_delta": 190.1431334622824,
      "max_memory_delta": 4096,
      "min_memory_delta": 0,
      "p50": 4.300000000512227e-06,
      "p90": 5.900001269765198e-06,
      "p95": 6.299998858594336e-06,
      "p99": 8.700000762473792e-06
    },
    "advanced_systems": {
      "sample_count": 517,
      "total_time": 0.00199459998839302,
      "avg_time": 3.858027056853037e-06,
      "min_time": 2.70000055024866e-06,
      "max_time": 1.0900001143454574e-05,
      "last_time": 4.19999923906289e-06,
      "avg_memory_delta": 174.29787234042553,
      "max_memory_delta": 8192,
      "min_memory_delta": 0,
      "p50": 3.6999990697950125e-06,
      "p90": 4.800000169780105e-06,
      "p95": 5.199999577598646e-06,
      "p99": 7.700000423938036e-06
    },
    "world_update": {
      "sample_count": 517,
      "total_time": 0.0007522999894717941,
      "avg_time": 1.4551257049744567e-06,
      "min_time": 1.0000003385357559e-06,
      "max_time": 4.899999112240039e-06,
      "last_time": 1.3999997463542968e-06,
      "avg_memory_delta": 205.98839458413926,
      "max_memory_delta": 4096,
      "min_memory_delta": 0,
      "p50": 1.3999997463542968e-06,
      "p90": 1.7000002117129043e-06,
      "p95": 1.8000009731622413e-06,
      "p99": 2.9000002541579306e-06
    },
    "tilemap_render": {
      "sample_count": 517,
      "total_time": 0.002300900025147712,
      "avg_time": 4.450483607635806e-06,
      "min_time": 3.2999996619764715e-06,
      "max_time": 1.2399999832268804e-05,
      "last_time": 5.300000339047983e-06,
      "avg_memory_delta": 95.0715667311412,
      "max_memory_delta": 4096,
      "min_memory_delta": 0,
      "p50": 4.300000000512227e-06,
      "p90": 5.500000042957254e-06,
      "p95": 5.800000508315861e-06,
      "p99": 8.299999535665847e-06
    },
    "scene_render": {
      "sample_count": 517,
      "total_time": 5.741002999997363,
      "avg_time": 0.011104454545449446,
      "min_time": 0.010692900001231465,
      "max_time": 0.015563099999781116,
      "last_time": 0.011442799999713316,
      "avg_memory_delta": 2891.760154738878,
      "max_memory_delta": 184320,
      "min_memory_delta": -98304,
      "p50": 0.010988699999870732,
      "p90": 0.011525099998834776,
      "p95": 0.011812599999757367,
      "p99": 0.01254250000056345
    },
    "particles_render": {
      "sample_count": 517,
      "total_time": 0.0020369999820104567,
      "avg_time": 3.940038649923514e-06,
      "min_time": 3.300001480965875e-06,
      "max_time": 9.60000033956021e-06,
      "last_time": 4.699999408330768e-06,
      "avg_memory_delta": 0.0,
      "max_memory_delta": 0,
      "min_memory_delta": 0,
      "p50": 3.6999990697950125e-06,
      "p90": 4.800000169780105e-06,
      "p95": 5.300000339047983e-06,
      "p99": 6.50000038149301e-06
    },
    "ui_render": {
      "sample_count": 517,
      "total_time": 0.0017352000031678472,
      "avg_time": 3.3562862730519287e-06,
      "min_time": 2.7999994927085936e-06,
      "max_time": 9.800000043469481e-06,
      "last_time": 3.499999365885742e-06,
      "avg_memory_delta": 150.52998065764024,
      "max_memory_delta": 4096,
      "min_memory_delta": 0,
      "p50": 3.1999989005271345e-06,
      "p90": 3.800001650233753e-06,
      "p95": 4.300000000512227e-06,
      "p99": 6.099999154685065e-06
    },
    "present": {
      "sample_count": 517,
      "total_time": 0.11219490001531085,
      "avg_time": 0.00021701141202187785,
      "min_time": 0.00016379999942728318,
      "max_time": 0.005316299999321927,
      "last_time": 0.00019729999985429458,
      "avg_memory_delta": 118.8394584139265,
      "max_memory_delta": 4096,
      "min_memory_delta": 0,
      "p50": 0.00017269999989366625,
      "p90": 0.00019330000031914096,
      "p95": 0.00021260000175971072,
      "p99": 0.0005318000003171619
    },
    "main_loop": {
      "sample_count": 509,
      "total_time": 8.406724600001326,
      "avg_time": 0.016516158349707908,
      "min_time": 0.012664199999562697,
      "max_time": 0.08598720000009052,
      "last_time": 0.012664199999562697,
      "avg_memory_delta": 4055.7642436149313,
      "max_memory_delta": 401408,
      "min_memory_delta": -618496,
      "p50": 0.016275200001473422,
      "p90": 0.01729729999897245,
      "p95": 0.01760680000006687,
      "p99": 0.01961759999903734
    },
    "render_frame": {
      "sample_count": 12,
      "total_time": 0.1396076000019093,
      "avg_time": 0.011633966666825776,
      "min_time": 0.011355999999068445,
      "max_time": 0.012213299998620641,